{"cameraMode":{"drawMode":0,"name":"Shaded","section":"Shading Mode"},"sceneLighting":false,"audioPlay":false,"sceneViewState":{"m_AlwaysRefresh":false,"showFog":true,"showSkybox":false,"showFlares":true,"showImageEffects":true,"showParticleSystems":true,"showVisualEffectGraphs":true,"m_FxEnabled":true},"in2DMode":false,"pivot":{"x":0.744514524936676,"y":0.12731003761291505,"z":-0.06946897506713867},"rotation":{"x":0.0019593071192502977,"y":-0.9919453859329224,"z":0.12565039098262788,"w":0.015466178767383099},"size":0.3037397563457489,"orthographic":false}