{
    "name": "root",
    "gauges": {
        "MyBehavior.Policy.Entropy.mean": {
            "value": 1.6094318628311157,
            "min": 1.6094318628311157,
            "max": 1.6094318628311157,
            "count": 2
        },
        "MyBehavior.Policy.Entropy.sum": {
            "value": 81009.140625,
            "min": 78491.9921875,
            "max": 81009.140625,
            "count": 2
        },
        "MyBehavior.Step.mean": {
            "value": 99919.0,
            "min": 49702.0,
            "max": 99919.0,
            "count": 2
        },
        "MyBehavior.Step.sum": {
            "value": 99919.0,
            "min": 49702.0,
            "max": 99919.0,
            "count": 2
        },
        "MyBehavior.Policy.ExtrinsicValueEstimate.mean": {
            "value": 0.030238790437579155,
            "min": 0.030238790437579155,
            "max": 0.030620228499174118,
            "count": 2
        },
        "MyBehavior.Policy.ExtrinsicValueEstimate.sum": {
            "value": 6.319907188415527,
            "min": 6.06280517578125,
            "max": 6.319907188415527,
            "count": 2
        },
        "MyBehavior.Environment.EpisodeLength.mean": {
            "value": 603.9642857142857,
            "min": 603.9642857142857,
            "max": 610.3717948717949,
            "count": 2
        },
        "MyBehavior.Environment.EpisodeLength.sum": {
            "value": 50733.0,
            "min": 47609.0,
            "max": 50733.0,
            "count": 2
        },
        "MyBehavior.Environment.CumulativeReward.mean": {
            "value": -2262.3809523809523,
            "min": -2316.9871794871797,
            "max": -2262.3809523809523,
            "count": 2
        },
        "MyBehavior.Environment.CumulativeReward.sum": {
            "value": -190040.0,
            "min": -190040.0,
            "max": -180725.0,
            "count": 2
        },
        "MyBehavior.Policy.ExtrinsicReward.mean": {
            "value": -2262.3809523809523,
            "min": -2316.9871794871797,
            "max": -2262.3809523809523,
            "count": 2
        },
        "MyBehavior.Policy.ExtrinsicReward.sum": {
            "value": -190040.0,
            "min": -190040.0,
            "max": -180725.0,
            "count": 2
        },
        "MyBehavior.IsTraining.mean": {
            "value": 1.0,
            "min": 1.0,
            "max": 1.0,
            "count": 2
        },
        "MyBehavior.IsTraining.sum": {
            "value": 1.0,
            "min": 1.0,
            "max": 1.0,
            "count": 2
        }
    },
    "metadata": {
        "timer_format_version": "0.1.0",
        "start_time_seconds": "1707340288",
        "python_version": "3.10.12 | packaged by Anaconda, Inc. | (main, Jul  5 2023, 19:01:18) [MSC v.1916 64 bit (AMD64)]",
        "command_line_arguments": "\\\\?\\C:\\Users\\daphe\\anaconda3\\envs\\mlagents20\\Scripts\\mlagents-learn configs/JustCC.yaml --run-id JustCC --resume",
        "mlagents_version": "1.1.0.dev0",
        "mlagents_envs_version": "1.1.0.dev0",
        "communication_protocol_version": "1.5.0",
        "pytorch_version": "2.1.2+cu121",
        "numpy_version": "1.23.5",
        "end_time_seconds": "1707340907"
    },
    "total": 619.8748697999981,
    "count": 1,
    "self": 10.006234999978915,
    "children": {
        "run_training.setup": {
            "total": 0.10243970001465641,
            "count": 1,
            "self": 0.10243970001465641
        },
        "TrainerController.start_learning": {
            "total": 609.7661951000046,
            "count": 1,
            "self": 0.9220644002780318,
            "children": {
                "TrainerController._reset_env": {
                    "total": 8.317615799984196,
                    "count": 1,
                    "self": 8.317615799984196
                },
                "TrainerController.advance": {
                    "total": 600.4014835997077,
                    "count": 50486,
                    "self": 0.7743337961437646,
                    "children": {
                        "env_step": {
                            "total": 592.5298012007261,
                            "count": 50486,
                            "self": 467.91704740177374,
                            "children": {
                                "SubprocessEnvManager._take_step": {
                                    "total": 123.77498399783508,
                                    "count": 50486,
                                    "self": 2.4679399011074565,
                                    "children": {
                                        "TorchPolicy.evaluate": {
                                            "total": 121.30704409672762,
                                            "count": 50484,
                                            "self": 121.30704409672762
                                        }
                                    }
                                },
                                "workers": {
                                    "total": 0.837769801117247,
                                    "count": 50485,
                                    "self": 0.0,
                                    "children": {
                                        "worker_root": {
                                            "total": 589.2349142031162,
                                            "count": 50485,
                                            "is_parallel": true,
                                            "self": 177.76788940353435,
                                            "children": {
                                                "steps_from_proto": {
                                                    "total": 0.01049109999439679,
                                                    "count": 1,
                                                    "is_parallel": true,
                                                    "self": 0.00016269998741336167,
                                                    "children": {
                                                        "_process_maybe_compressed_observation": {
                                                            "total": 0.01032840000698343,
                                                            "count": 2,
                                                            "is_parallel": true,
                                                            "self": 4.800001624971628e-05,
                                                            "children": {
                                                                "_observation_to_np_array": {
                                                                    "total": 0.010280399990733713,
                                                                    "count": 2,
                                                                    "is_parallel": true,
                                                                    "self": 5.1000009989365935e-05,
                                                                    "children": {
                                                                        "process_pixels": {
                                                                            "total": 0.010229399980744347,
                                                                            "count": 2,
                                                                            "is_parallel": true,
                                                                            "self": 0.00040580000495538116,
                                                                            "children": {
                                                                                "image_decompress": {
                                                                                    "total": 0.009823599975788966,