{"cameraMode":{"drawMode":0,"name":"Shaded","section":"Shading Mode"},"sceneLighting":false,"audioPlay":false,"sceneViewState":{"m_AlwaysRefresh":false,"showFog":true,"showSkybox":false,"showFlares":true,"showImageEffects":true,"showParticleSystems":true,"showVisualEffectGraphs":true,"m_FxEnabled":true},"in2DMode":false,"pivot":{"x":12.428483009338379,"y":0.8194450736045837,"z":5.600369453430176},"rotation":{"x":0.0066628651693463329,"y":0.9922673106193543,"z":-0.06260199844837189,"w":0.10670033097267151},"size":1.1353588104248047,"orthographic":false}