{
    "name": "root",
    "gauges": {
        "MyBehavior.Policy.Entropy.mean": {
            "value": 0.17266012728214264,
            "min": 0.1701737642288208,
            "max": 0.20695318281650543,
            "count": 56
        },
        "MyBehavior.Policy.Entropy.sum": {
            "value": 8638.876953125,
            "min": 3648.377685546875,
            "max": 10174.13671875,
            "count": 56
        },
        "MyBehavior.Environment.EpisodeLength.mean": {
            "value": 50.63467492260062,
            "min": 47.71734892787524,
            "max": 51.25732217573222,
            "count": 56
        },
        "MyBehavior.Environment.EpisodeLength.sum": {
            "value": 49065.0,
            "min": 17290.0,
            "max": 49084.0,
            "count": 56
        },
        "MyBehavior.Step.mean": {
            "value": 4999991.0,
            "min": 2249976.0,
            "max": 4999991.0,
            "count": 56
        },
        "MyBehavior.Step.sum": {
            "value": 4999991.0,
            "min": 2249976.0,
            "max": 4999991.0,
            "count": 56
        },
        "MyBehavior.Policy.ExtrinsicValueEstimate.mean": {
            "value": 185.68807983398438,
            "min": 180.62608337402344,
            "max": 186.15345764160156,
            "count": 56
        },
        "MyBehavior.Policy.ExtrinsicValueEstimate.sum": {
            "value": 181231.5625,
            "min": 63211.2265625,
            "max": 186562.4375,
            "count": 56
        },
        "MyBehavior.Environment.CumulativeReward.mean": {
            "value": 352.73477812177504,
            "min": 336.5692007797271,
            "max": 355.25052192066806,
            "count": 56
        },
        "MyBehavior.Environment.CumulativeReward.sum": {
            "value": 341800.0,
            "min": 119035.0,
            "max": 345320.0,
            "count": 56
        },
        "MyBehavior.Policy.ExtrinsicReward.mean": {
            "value": 352.73477812177504,
            "min": 336.5692007797271,
            "max": 355.25052192066806,
            "count": 56
        },
        "MyBehavior.Policy.ExtrinsicReward.sum": {
            "value": 341800.0,
            "min": 119035.0,
            "max": 345320.0,
            "count": 56
        },
        "MyBehavior.Losses.PolicyLoss.mean": {
            "value": 0.02480665127125879,
            "min": 0.019553708755411205,
            "max": 0.027240070146508515,
            "count": 56
        },
        "MyBehavior.Losses.PolicyLoss.sum": {
            "value": 0.12403325635629395,
            "min": 0.02614708353454868,
            "max": 0.13620035073254258,
            "count": 56
        },
        "MyBehavior.Losses.ValueLoss.mean": {
            "value": 33.54582227071127,
            "min": 33.54582227071127,
            "max": 268.055380821228,
            "count": 56
        },
        "MyBehavior.Losses.ValueLoss.sum": {
            "value": 167.72911135355633,
            "min": 72.81033223470052,
            "max": 1081.4386925379436,
            "count": 56
        },
        "MyBehavior.Policy.LearningRate.mean": {
            "value": 1.5807154731280014e-06,
            "min": 1.5807154731280014e-06,
            "max": 0.00016544014485329994,
            "count": 56
        },
        "MyBehavior.Policy.LearningRate.sum": {
            "value": 7.903577365640007e-06,
            "min": 7.903577365640007e-06,
            "max": 0.00081796138734628,
            "count": 56
        },
        "MyBehavior.Policy.Epsilon.mean": {
            "value": 0.10052687200000002,
            "min": 0.10052687200000002,
            "max": 0.15514670000000005,
            "count": 56
        },
        "MyBehavior.Policy.Epsilon.sum": {
            "value": 0.5026343600000001,
            "min": 0.15514670000000005,
            "max": 0.7726537200000001,
            "count": 56
        },
        "MyBehavior.Policy.Beta.mean": {
            "value": 3.629091280000003e-05,
            "min": 3.629091280000003e-05,
            "max": 0.0027618203299999994,
            "count": 56
        },
        "MyBehavior.Policy.Beta.sum": {
            "value": 0.00018145456400000013,
            "min": 0.00018145456400000013,
            "max": 0.013655420628000002,
            "count": 56
        },
        "MyBehavior.IsTraining.mean": {
            "value": 1.0,
            "min": 1.0,
            "max": 1.0,
            "count": 56
        },
        "MyBehavior.IsTraining.sum": {
            "value": 1.0,
            "min": 1.0,
            "max": 1.0,
            "count": 56
        }
    },
    "metadata": {
        "timer_format_version": "0.1.0",
        "start_time_seconds": "1708278854",
        "python_version": "3.10.12 | packaged by Anaconda, Inc. | (main, Jul  5 2023, 19:01:18) [MSC v.1916 64 bit (AMD64)]",
        "command_line_arguments": "\\\\?\\C:\\Users\\daphe\\anaconda3\\envs\\mlagents20\\Scripts\\mlagents-learn configs/gamev2.yaml --run-id gamev2 --resume",
        "mlagents_version": "1.1.0.dev0",
        "mlagents_envs_version": "1.1.0.dev0",
        "communication_protocol_version": "1.5.0",
        "pytorch_version": "2.1.2+cu121",
        "numpy_version": "1.23.5",
        "end_time_seconds": "1708296565"
    },
    "total": 17710.873012899887,
    "count": 1,
    "self": 0.0218896996229887,
    "children": {
        "run_training.setup": {
            "total": 0.10547820013016462,
            "count": 1,
            "self": 0.10547820013016462
        },
        "TrainerController.start_learning": {
            "total": 17710.745645000134,
            "count": 1,
            "self": 44.87904680101201,
            "children": {
                "TrainerController._reset_env": {
                    "total": 18.93437170004472,
                    "count": 1,
                    "self": 18.93437170004472
                },
                "TrainerController.advance": {
                    "total": 17646.856197399087,
                    "count": 2767646,
                    "self": 43.831708926474676,
                    "children": {
                        "env_step": {
                            "total": 16695.468308612937,
                            "count": 2767646,
                            "self": 7978.140265276888,
                            "children": {
                                "SubprocessEnvManager._take_step": {
                                    "total": 8688.56895802822,
                                    "count": 2767646,
                                    "self": 129.20328319468535,
                                    "children": {
                                        "TorchPolicy.evaluate": {
                                            "total": 8559.365674833534,
                                            "count": 2767646,
                                            "self": 8559.365674833534
                                        }
                                    }
                                },
                                "workers": {
                                    "total": 28.759085307829082,
                                    "count": 2767646,
                                    "self": 0.0,
                                    "children": {
                                        "worker_root": {
                                            "total": 17638.99300459423,
                                            "count": 2767646,
                                            "is_parallel": true,
                                            "self": 11716.380415939959,
                                            "children": {
                                                "steps_from_proto": {
                                                    "total": 0.0003620998468250036,
                                                    "count": 1,
                                                    "is_parallel": true,