{
    "name": "root",
    "gauges": {
        "MyBehavior.Policy.Entropy.mean": {
            "value": 1.1722731590270996,
            "min": 1.0804537534713745,
            "max": 1.6081304550170898,
            "count": 25
        },
        "MyBehavior.Policy.Entropy.sum": {
            "value": 58578.4921875,
            "min": 54056.1796875,
            "max": 80507.8359375,
            "count": 25
        },
        "MyBehavior.Step.mean": {
            "value": 1249969.0,
            "min": 49999.0,
            "max": 1249969.0,
            "count": 25
        },
        "MyBehavior.Step.sum": {
            "value": 1249969.0,
            "min": 49999.0,
            "max": 1249969.0,
            "count": 25
        },
        "MyBehavior.Policy.ExtrinsicValueEstimate.mean": {
            "value": -64.93086242675781,
            "min": -82.68897247314453,
            "max": -14.965689659118652,
            "count": 25
        },
        "MyBehavior.Policy.ExtrinsicValueEstimate.sum": {
            "value": -51749.8984375,
            "min": -68407.78125,
            "max": -12646.0078125,
            "count": 25
        },
        "MyBehavior.Environment.EpisodeLength.mean": {
            "value": 1550.5625,
            "min": 383.11538461538464,
            "max": 1849.6296296296296,
            "count": 25
        },
        "MyBehavior.Environment.EpisodeLength.sum": {
            "value": 49618.0,
            "min": 48982.0,
            "max": 51406.0,
            "count": 25
        },
        "MyBehavior.Environment.CumulativeReward.mean": {
            "value": -1687.46875,
            "min": -3816.777777777778,
            "max": -307.6341463414634,
            "count": 25
        },
        "MyBehavior.Environment.CumulativeReward.sum": {
            "value": -53999.0,
            "min": -103053.0,
            "max": -12613.0,
            "count": 25
        },
        "MyBehavior.Policy.ExtrinsicReward.mean": {
            "value": -1687.46875,
            "min": -3816.777777777778,
            "max": -307.6341463414634,
            "count": 25
        },
        "MyBehavior.Policy.ExtrinsicReward.sum": {
            "value": -53999.0,
            "min": -103053.0,
            "max": -12613.0,
            "count": 25
        },
        "MyBehavior.Losses.PolicyLoss.mean": {
            "value": 0.017429876063639917,
            "min": 0.013102741617088517,
            "max": 0.01884155596037292,
            "count": 25
        },
        "MyBehavior.Losses.PolicyLoss.sum": {
            "value": 0.03485975212727983,
            "min": 0.026205483234177034,
            "max": 0.056524667881118755,
            "count": 25
        },
        "MyBehavior.Losses.ValueLoss.mean": {
            "value": 19304.962706756593,
            "min": 417.42968622843426,
            "max": 71098.41445312499,
            "count": 25
        },
        "MyBehavior.Losses.ValueLoss.sum": {
            "value": 38609.925413513185,
            "min": 885.0710261027018,
            "max": 213295.243359375,
            "count": 25
        },
        "MyBehavior.Policy.LearningRate.mean": {
            "value": 0.00026338447220518,
            "min": 0.00026338447220518,
            "max": 0.00029907601530799484,
            "count": 25
        },
        "MyBehavior.Policy.LearningRate.sum": {
            "value": 0.00052676894441036,
            "min": 0.00052676894441036,
            "max": 0.00088891641369453,
            "count": 25
        },
        "MyBehavior.Policy.Epsilon.mean": {
            "value": 0.18779481999999997,
            "min": 0.18779481999999997,
            "max": 0.19969200500000006,
            "count": 25
        },
        "MyBehavior.Policy.Epsilon.sum": {
            "value": 0.37558963999999995,
            "min": 0.37558963999999995,
            "max": 0.59630547,
            "count": 25
        },
        "MyBehavior.Policy.Beta.mean": {
            "value": 0.004390961518000001,
            "min": 0.004390961518000001,
            "max": 0.004984631049500001,
            "count": 25
        },
        "MyBehavior.Policy.Beta.sum": {
            "value": 0.008781923036000002,
            "min": 0.008781923036000002,
            "max": 0.014815642953000002,
            "count": 25
        },
        "MyBehavior.IsTraining.mean": {
            "value": 1.0,
            "min": 1.0,
            "max": 1.0,
            "count": 25
        },
        "MyBehavior.IsTraining.sum": {
            "value": 1.0,
            "min": 1.0,
            "max": 1.0,
            "count": 25
        }
    },
    "metadata": {
        "timer_format_version": "0.1.0",
        "start_time_seconds": "1708117017",
        "python_version": "3.10.12 | packaged by Anaconda, Inc. | (main, Jul  5 2023, 19:01:18) [MSC v.1916 64 bit (AMD64)]",
        "command_line_arguments": "\\\\?\\C:\\Users\\daphe\\anaconda3\\envs\\mlagents20\\Scripts\\mlagents-learn configs/ConnectedCo.yaml --run-id ConnectedCo --force",
        "mlagents_version": "1.1.0.dev0",
        "mlagents_envs_version": "1.1.0.dev0",
        "communication_protocol_version": "1.5.0",
        "pytorch_version": "2.1.2+cu121",
        "numpy_version": "1.23.5",
        "end_time_seconds": "1708126653"
    },
    "total": 9636.09334120003,
    "count": 1,
    "self": 0.006609100033529103,
    "children": {
        "run_training.setup": {
            "total": 0.08245530002750456,
            "count": 1,
            "self": 0.08245530002750456
        },
        "TrainerController.start_learning": {
            "total": 9636.00427679997,
            "count": 1,
            "self": 18.21679306041915,
            "children": {
                "TrainerController._reset_env": {
                    "total": 6.200761100044474,
                    "count": 1,
                    "self": 6.200761100044474
                },
                "TrainerController.advance": {
                    "total": 9611.449463739526,
                    "count": 1287367,
                    "self": 17.48080748866778,
                    "children": {
                        "env_step": {
                            "total": 9101.517010903568,
                            "count": 1287367,
                            "self": 5565.694300149218,
                            "children": {
                                "SubprocessEnvManager._take_step": {
                                    "total": 3518.5651186516043,
                                    "count": 1287367,
                                    "self": 55.05834692099597,
                                    "children": {
                                        "TorchPolicy.evaluate": {
                                            "total": 3463.5067717306083,
                                            "count": 1287367,
                                            "self": 3463.5067717306083
                                        }
                                    }
                                },
                                "workers": {
                                    "total": 17.257592102745548,
                                    "count": 1287366,
                                    "self": 0.0,
                                    "children": {
                                        "worker_root": {
                                            "total": 9558.308445489034,
                                            "count": 1287366,
                                            "is_parallel": true,
                                            "self": 4965.671511225402,
                                            "children": {
                                                "steps_from_proto": {
                                                    "total": 0.010975399985909462,
                                                    "count": 1,
                                                    "is_parallel": true,