{
    "name": "root",
    "gauges": {
        "MyBehavior.Policy.Entropy.mean": {
            "value": 1.3943756818771362,
            "min": 1.050497055053711,
            "max": 1.5846421718597412,
            "count": 194
        },
        "MyBehavior.Policy.Entropy.sum": {
            "value": 69718.78125,
            "min": 52592.08203125,
            "max": 79403.25,
            "count": 194
        },
        "MyBehavior.Step.mean": {
            "value": 9699966.0,
            "min": 49941.0,
            "max": 9699966.0,
            "count": 194
        },
        "MyBehavior.Step.sum": {
            "value": 9699966.0,
            "min": 49941.0,
            "max": 9699966.0,
            "count": 194
        },
        "MyBehavior.Policy.ExtrinsicValueEstimate.mean": {
            "value": 36.506683349609375,
            "min": 11.269142150878906,
            "max": 46.98826599121094,
            "count": 194
        },
        "MyBehavior.Policy.ExtrinsicValueEstimate.sum": {
            "value": 30702.119140625,
            "min": 9364.6572265625,
            "max": 39282.19140625,
            "count": 194
        },
        "MyBehavior.Environment.EpisodeLength.mean": {
            "value": 426.9145299145299,
            "min": 410.89344262295083,
            "max": 533.4891304347826,
            "count": 194
        },
        "MyBehavior.Environment.EpisodeLength.sum": {
            "value": 49949.0,
            "min": 48876.0,
            "max": 50946.0,
            "count": 194
        },
        "MyBehavior.Environment.CumulativeReward.mean": {
            "value": 194.23931623931625,
            "min": 157.33695652173913,
            "max": 241.44859813084113,
            "count": 194
        },
        "MyBehavior.Environment.CumulativeReward.sum": {
            "value": 22726.0,
            "min": 14475.0,
            "max": 26643.0,
            "count": 194
        },
        "MyBehavior.Policy.ExtrinsicReward.mean": {
            "value": 194.23931623931625,
            "min": 157.33695652173913,
            "max": 241.44859813084113,
            "count": 194
        },
        "MyBehavior.Policy.ExtrinsicReward.sum": {
            "value": 22726.0,
            "min": 14475.0,
            "max": 26643.0,
            "count": 194
        },
        "MyBehavior.Losses.PolicyLoss.mean": {
            "value": 0.04889676445668253,
            "min": 0.04371924465953338,
            "max": 0.0537903910696817,
            "count": 194
        },
        "MyBehavior.Losses.PolicyLoss.sum": {
            "value": 0.4889676445668253,
            "min": 0.3934732019358004,
            "max": 0.537903910696817,
            "count": 194
        },
        "MyBehavior.Losses.ValueLoss.mean": {
            "value": 381.5823147201539,
            "min": 277.84418553670247,
            "max": 747.6016957318341,
            "count": 194
        },
        "MyBehavior.Losses.ValueLoss.sum": {
            "value": 3815.8231472015386,
            "min": 2778.441855367025,
            "max": 6799.627762349447,
            "count": 194
        },
        "MyBehavior.Policy.LearningRate.mean": {
            "value": 0.0002709793215735626,
            "min": 0.0002709793215735626,
            "max": 0.00029992244135918617,
            "count": 194
        },
        "MyBehavior.Policy.LearningRate.sum": {
            "value": 0.0027097932157356262,
            "min": 0.0024401357816214346,
            "max": 0.0029977562587479136,
            "count": 194
        },
        "MyBehavior.Policy.Epsilon.mean": {
            "value": 0.19032643730000004,
            "min": 0.19032643730000004,
            "max": 0.1999741471111111,
            "count": 194
        },
        "MyBehavior.Policy.Epsilon.sum": {
            "value": 1.9032643730000003,
            "min": 1.7133785650000002,
            "max": 1.999252086,
            "count": 194
        },
        "MyBehavior.Policy.Beta.mean": {
            "value": 0.00451728922127,
            "min": 0.00451728922127,
            "max": 0.0049987099408444445,
            "count": 194
        },
        "MyBehavior.Policy.Beta.sum": {
            "value": 0.045172892212699996,
            "min": 0.04067759039350001,
            "max": 0.049962679091399995,
            "count": 194
        },
        "MyBehavior.IsTraining.mean": {
            "value": 1.0,
            "min": 1.0,
            "max": 1.0,
            "count": 194
        },
        "MyBehavior.IsTraining.sum": {
            "value": 1.0,
            "min": 1.0,
            "max": 1.0,
            "count": 194
        }
    },
    "metadata": {
        "timer_format_version": "0.1.0",
        "start_time_seconds": "1708221720",
        "python_version": "3.10.12 | packaged by Anaconda, Inc. | (main, Jul  5 2023, 19:01:18) [MSC v.1916 64 bit (AMD64)]",
        "command_line_arguments": "\\\\?\\C:\\Users\\daphe\\anaconda3\\envs\\mlagents20\\Scripts\\mlagents-learn configs/NoPenilizeSmallerBatch.yaml --run-id NoPenilizeSmallerBatch --force",
        "mlagents_version": "1.1.0.dev0",
        "mlagents_envs_version": "1.1.0.dev0",
        "communication_protocol_version": "1.5.0",
        "pytorch_version": "2.1.2+cu121",
        "numpy_version": "1.23.5",
        "end_time_seconds": "1708256611"
    },
    "total": 34889.23000680003,
    "count": 1,
    "self": 0.0068738998379558325,
    "children": {
        "run_training.setup": {
            "total": 0.08570990012958646,
            "count": 1,
            "self": 0.08570990012958646
        },
        "TrainerController.start_learning": {
            "total": 34889.137423000066,
            "count": 1,
            "self": 40.255318408831954,
            "children": {
                "TrainerController._reset_env": {
                    "total": 6.205331200035289,
                    "count": 1,
                    "self": 6.205331200035289
                },
                "TrainerController.advance": {
                    "total": 34842.55150059145,
                    "count": 2427301,
                    "self": 35.47084441059269,
                    "children": {
                        "env_step": {
                            "total": 30671.896270039724,
                            "count": 2427301,
                            "self": 24066.23057076102,
                            "children": {
                                "SubprocessEnvManager._take_step": {
                                    "total": 6568.54085542378,
                                    "count": 2427301,
                                    "self": 112.84286146541126,
                                    "children": {
                                        "TorchPolicy.evaluate": {
                                            "total": 6455.697993958369,
                                            "count": 2427301,
                                            "self": 6455.697993958369
                                        }
                                    }
                                },
                                "workers": {
                                    "total": 37.1248438549228,
                                    "count": 2427300,
                                    "self": 0.0,
                                    "children": {
                                        "worker_root": {
                                            "total": 34821.23650616198,
                                            "count": 2427300,
                                            "is_parallel": true,
                                            "self": 12922.45985463704,
                                            "children": {
                                                "steps_from_proto": {
                                                    "total": 0.022181000094860792,
                                                    "count": 1,