{"cameraMode":{"drawMode":0,"name":"Shaded","section":"Shading Mode"},"sceneLighting":false,"audioPlay":false,"sceneViewState":{"m_AlwaysRefresh":false,"showFog":true,"showSkybox":false,"showFlares":true,"showImageEffects":true,"showParticleSystems":true,"showVisualEffectGraphs":true,"m_FxEnabled":true},"in2DMode":false,"pivot":{"x":-0.8332717418670654,"y":0.3763240575790405,"z":-4.992791175842285},"rotation":{"x":-0.005438270512968302,"y":-0.9222968220710754,"z":-0.013010187074542046,"w":0.38624662160873415},"size":7.66303014755249,"orthographic":false}