{"count":1,"self":3475.4199552,"total":34875.5114817,"children":{"InitializeActuators":{"count":4,"self":0.0020001999999999997,"total":0.0020001999999999997,"children":null},"InitializeSensors":{"count":4,"self":0.0015132,"total":0.0015132,"children":null},"AgentSendState":{"count":2427317,"self":11193.063014399999,"total":12903.493690399999,"children":{"CollectObservations":{"count":9709268,"self":17.807896,"total":17.8078966,"children":null},"WriteActionMask":{"count":9709268,"self":8.5278344,"total":8.5278346,"children":null},"RequestDecision":{"count":9709268,"self":33.892368,"total":1684.0951513,"children":{"AgentInfo.ToProto":{"count":9709268,"self":28.6053152,"total":1650.2027847,"children":{"GenerateSensorData":{"count":9709268,"self":74.6687616,"total":1621.5974707999999,"children":{"CameraSensor.GetCompressedObservation":{"count":9709268,"self":1546.9287424,"total":1546.9287084,"children":null}}}}}}}}},"DecideAction":{"count":2427317,"self":18421.3651456,"total":18421.364912499997,"children":null},"AgentAct":{"count":2427317,"self":71.1719744,"total":75.2278338,"children":{"AgentInfo.ToProto":{"count":21913,"self":0.11373319999999999,"total":4.0558587,"children":{"GenerateSensorData":{"count":21913,"self":0.19371919999999998,"total":3.9421255,"children":{"CameraSensor.GetCompressedObservation":{"count":21913,"self":3.7484064,"total":3.7484062999999996,"children":null}}}}}}}},"gauges":{"My Behavior.CumulativeReward":{"count":21913,"max":654,"min":93,"runningAverage":199.6728,"value":210,"weightedAverage":185.40741}},"metadata":{"timer_format_version":"0.1.0","start_time_seconds":"1708221726","unity_version":"2022.3.10f1","command_line_arguments":"C:\\Program Files\\Unity\\Hub\\Editor\\2022.3.10f1\\Editor\\Unity.exe -projectpath C:\\Users\\daphe\\Documents\\GitHub\\Tower-Defence-PCG -useHub -hubIPC -cloudEnvironment production","communication_protocol_version":"1.5.0","com.unity.ml-agents_version":"3.0.0-exp.1","scene_name":"2nd Approach","end_time_seconds":"1708256601"}}