{
    "name": "root",
    "gauges": {
        "MyBehavior.Policy.Entropy.mean": {
            "value": 1.3703348636627197,
            "min": 1.3703348636627197,
            "max": 1.3703348636627197,
            "count": 1
        },
        "MyBehavior.Policy.Entropy.sum": {
            "value": 56482.4609375,
            "min": 56482.4609375,
            "max": 56482.4609375,
            "count": 1
        },
        "MyBehavior.Step.mean": {
            "value": 5849953.0,
            "min": 5849953.0,
            "max": 5849953.0,
            "count": 1
        },
        "MyBehavior.Step.sum": {
            "value": 5849953.0,
            "min": 5849953.0,
            "max": 5849953.0,
            "count": 1
        },
        "MyBehavior.Policy.ExtrinsicValueEstimate.mean": {
            "value": -10.793992042541504,
            "min": -10.793992042541504,
            "max": -10.793992042541504,
            "count": 1
        },
        "MyBehavior.Policy.ExtrinsicValueEstimate.sum": {
            "value": -7350.70849609375,
            "min": -7350.70849609375,
            "max": -7350.70849609375,
            "count": 1
        },
        "MyBehavior.Environment.EpisodeLength.mean": {
            "value": 599.939393939394,
            "min": 599.939393939394,
            "max": 599.939393939394,
            "count": 1
        },
        "MyBehavior.Environment.EpisodeLength.sum": {
            "value": 39596.0,
            "min": 39596.0,
            "max": 39596.0,
            "count": 1
        },
        "MyBehavior.Environment.CumulativeReward.mean": {
            "value": -160.9848484848485,
            "min": -160.9848484848485,
            "max": -160.9848484848485,
            "count": 1
        },
        "MyBehavior.Environment.CumulativeReward.sum": {
            "value": -10625.0,
            "min": -10625.0,
            "max": -10625.0,
            "count": 1
        },
        "MyBehavior.Policy.ExtrinsicReward.mean": {
            "value": -160.9848484848485,
            "min": -160.9848484848485,
            "max": -160.9848484848485,
            "count": 1
        },
        "MyBehavior.Policy.ExtrinsicReward.sum": {
            "value": -10625.0,
            "min": -10625.0,
            "max": -10625.0,
            "count": 1
        },
        "MyBehavior.Losses.PolicyLoss.mean": {
            "value": 0.02282105395570398,
            "min": 0.02282105395570398,
            "max": 0.02282105395570398,
            "count": 1
        },
        "MyBehavior.Losses.PolicyLoss.sum": {
            "value": 0.06846316186711193,
            "min": 0.06846316186711193,
            "max": 0.06846316186711193,
            "count": 1
        },
        "MyBehavior.Losses.ValueLoss.mean": {
            "value": 182.8171346452501,
            "min": 182.8171346452501,
            "max": 182.8171346452501,
            "count": 1
        },
        "MyBehavior.Losses.ValueLoss.sum": {
            "value": 548.4514039357502,
            "min": 548.4514039357502,
            "max": 548.4514039357502,
            "count": 1
        },
        "MyBehavior.Policy.LearningRate.mean": {
            "value": 0.00026502306165898334,
            "min": 0.00026502306165898334,
            "max": 0.00026502306165898334,
            "count": 1
        },
        "MyBehavior.Policy.LearningRate.sum": {
            "value": 0.00079506918497695,
            "min": 0.00079506918497695,
            "max": 0.00079506918497695,
            "count": 1
        },
        "MyBehavior.Policy.Epsilon.mean": {
            "value": 0.18834101666666667,
            "min": 0.18834101666666667,
            "max": 0.18834101666666667,
            "count": 1
        },
        "MyBehavior.Policy.Epsilon.sum": {
            "value": 0.56502305,
            "min": 0.56502305,
            "max": 0.56502305,
            "count": 1
        },
        "MyBehavior.Policy.Beta.mean": {
            "value": 0.0044182167316666665,
            "min": 0.0044182167316666665,
            "max": 0.0044182167316666665,
            "count": 1
        },
        "MyBehavior.Policy.Beta.sum": {
            "value": 0.013254650194999999,
            "min": 0.013254650194999999,
            "max": 0.013254650194999999,
            "count": 1
        },
        "MyBehavior.IsTraining.mean": {
            "value": 1.0,
            "min": 1.0,
            "max": 1.0,
            "count": 1
        },
        "MyBehavior.IsTraining.sum": {
            "value": 1.0,
            "min": 1.0,
            "max": 1.0,
            "count": 1
        }
    },
    "metadata": {
        "timer_format_version": "0.1.0",
        "start_time_seconds": "1707295677",
        "python_version": "3.10.12 | packaged by Anaconda, Inc. | (main, Jul  5 2023, 19:01:18) [MSC v.1916 64 bit (AMD64)]",
        "command_line_arguments": "\\\\?\\C:\\Users\\daphe\\anaconda3\\envs\\mlagents20\\Scripts\\mlagents-learn configs/ConfigUR.yaml --run-id updatedReward --resume",
        "mlagents_version": "1.1.0.dev0",
        "mlagents_envs_version": "1.1.0.dev0",
        "communication_protocol_version": "1.5.0",
        "pytorch_version": "2.1.2+cu121",
        "numpy_version": "1.23.5",
        "end_time_seconds": "1707296198"
    },
    "total": 521.4938215999864,
    "count": 1,
    "self": 0.0060440000088419765,
    "children": {
        "run_training.setup": {
            "total": 0.09395099998801015,
            "count": 1,
            "self": 0.09395099998801015
        },
        "TrainerController.start_learning": {
            "total": 521.3938265999896,
            "count": 1,
            "self": 0.5758433998562396,
            "children": {
                "TrainerController._reset_env": {
                    "total": 34.903548600006616,
                    "count": 1,
                    "self": 34.903548600006616
                },
                "TrainerController.advance": {
                    "total": 485.7704420001246,
                    "count": 34466,
                    "self": 0.5181113967846613,
                    "children": {
                        "env_step": {
                            "total": 466.67925850115716,
                            "count": 34466,
                            "self": 387.292494199879,
                            "children": {
                                "SubprocessEnvManager._take_step": {
                                    "total": 78.85453749910812,
                                    "count": 34468,
                                    "self": 1.6330348023329861,
                                    "children": {
                                        "TorchPolicy.evaluate": {
                                            "total": 77.22150269677513,
                                            "count": 34468,
                                            "self": 77.22150269677513
                                        }
                                    }
                                },
                                "workers": {
                                    "total": 0.5322268021700438,
                                    "count": 34465,
                                    "self": 0.0,
                                    "children": {
                                        "worker_root": {
                                            "total": 390.4820817981381,
                                            "count": 34465,
                                            "is_parallel": true,
                                            "self": 127.74406509427354,
                                            "children": {
                                                "steps_from_proto": {
                                                    "total": 0.03725069999927655,
                                                    "count": 3,
                                                    "is_parallel": true,