{
    "name": "root",
    "gauges": {
        "MyBehavior.Policy.Entropy.mean": {
            "value": 1.09927499294281,
            "min": 1.09927499294281,
            "max": 1.223663568496704,
            "count": 6
        },
        "MyBehavior.Policy.Entropy.sum": {
            "value": 55018.7109375,
            "min": 26450.7109375,
            "max": 57778.96875,
            "count": 6
        },
        "MyBehavior.Step.mean": {
            "value": 6799944.0,
            "min": 6549964.0,
            "max": 6799944.0,
            "count": 6
        },
        "MyBehavior.Step.sum": {
            "value": 6799944.0,
            "min": 6549964.0,
            "max": 6799944.0,
            "count": 6
        },
        "MyBehavior.Policy.ExtrinsicValueEstimate.mean": {
            "value": -173.81417846679688,
            "min": -3178.702392578125,
            "max": -173.81417846679688,
            "count": 6
        },
        "MyBehavior.Policy.ExtrinsicValueEstimate.sum": {
            "value": -138877.53125,
            "min": -1574704.25,
            "max": -138877.53125,
            "count": 6
        },
        "MyBehavior.Environment.EpisodeLength.mean": {
            "value": 1000.0,
            "min": 888.7916666666666,
            "max": 1000.0,
            "count": 6
        },
        "MyBehavior.Environment.EpisodeLength.sum": {
            "value": 50000.0,
            "min": 21331.0,
            "max": 50000.0,
            "count": 6
        },
        "MyBehavior.Environment.CumulativeReward.mean": {
            "value": -1140.24,
            "min": -1140.24,
            "max": -780.6666666666666,
            "count": 6
        },
        "MyBehavior.Environment.CumulativeReward.sum": {
            "value": -57012.0,
            "min": -57012.0,
            "max": -18736.0,
            "count": 6
        },
        "MyBehavior.Policy.ExtrinsicReward.mean": {
            "value": -1140.24,
            "min": -1140.24,
            "max": -780.6666666666666,
            "count": 6
        },
        "MyBehavior.Policy.ExtrinsicReward.sum": {
            "value": -57012.0,
            "min": -57012.0,
            "max": -18736.0,
            "count": 6
        },
        "MyBehavior.Losses.PolicyLoss.mean": {
            "value": 0.024352582201827316,
            "min": 0.020614056939569615,
            "max": 0.024364489763199042,
            "count": 6
        },
        "MyBehavior.Losses.PolicyLoss.sum": {
            "value": 0.12176291100913658,
            "min": 0.048728979526398083,
            "max": 0.12176291100913658,
            "count": 6
        },
        "MyBehavior.Losses.ValueLoss.mean": {
            "value": 5291.341461588542,
            "min": 3378.1886946614586,
            "max": 106087.45657552083,
            "count": 6
        },
        "MyBehavior.Losses.ValueLoss.sum": {
            "value": 26456.70730794271,
            "min": 16890.943473307292,
            "max": 212174.91315104166,
            "count": 6
        },
        "MyBehavior.Policy.LearningRate.mean": {
            "value": 0.00025934986955004804,
            "min": 0.00025934986955004804,
            "max": 0.00026073719808760495,
            "count": 6
        },
        "MyBehavior.Policy.LearningRate.sum": {
            "value": 0.0012967493477502403,
            "min": 0.0005214743961752099,
            "max": 0.0013013761382079758,
            "count": 6
        },
        "MyBehavior.Policy.Epsilon.mean": {
            "value": 0.186449952,
            "min": 0.186449952,
            "max": 0.18691239499999995,
            "count": 6
        },
        "MyBehavior.Policy.Epsilon.sum": {
            "value": 0.93224976,
            "min": 0.3738247899999999,
            "max": 0.9337920239999999,
            "count": 6
        },
        "MyBehavior.Policy.Beta.mean": {
            "value": 0.0043238526048,
            "min": 0.0043238526048,
            "max": 0.004346928510500001,
            "count": 6
        },
        "MyBehavior.Policy.Beta.sum": {
            "value": 0.021619263023999996,
            "min": 0.008693857021000001,
            "max": 0.021696221997599997,
            "count": 6
        },
        "MyBehavior.IsTraining.mean": {
            "value": 1.0,
            "min": 1.0,
            "max": 1.0,
            "count": 6
        },
        "MyBehavior.IsTraining.sum": {
            "value": 1.0,
            "min": 1.0,
            "max": 1.0,
            "count": 6
        }
    },
    "metadata": {
        "timer_format_version": "0.1.0",
        "start_time_seconds": "1707242545",
        "python_version": "3.10.12 | packaged by Anaconda, Inc. | (main, Jul  5 2023, 19:01:18) [MSC v.1916 64 bit (AMD64)]",
        "command_line_arguments": "\\\\?\\C:\\Users\\daphe\\anaconda3\\envs\\mlagents20\\Scripts\\mlagents-learn Config.yaml --resume",
        "mlagents_version": "1.1.0.dev0",
        "mlagents_envs_version": "1.1.0.dev0",
        "communication_protocol_version": "1.5.0",
        "pytorch_version": "2.1.2+cu121",
        "numpy_version": "1.23.5",
        "end_time_seconds": "1707244704"
    },
    "total": 2158.4041857999982,
    "count": 1,
    "self": 0.005924800003413111,
    "children": {
        "run_training.setup": {
            "total": 0.09357620000082534,
            "count": 1,
            "self": 0.09357620000082534
        },
        "TrainerController.start_learning": {
            "total": 2158.304684799994,
            "count": 1,
            "self": 2.9662766033870867,
            "children": {
                "TrainerController._reset_env": {
                    "total": 5.405721699993592,
                    "count": 1,
                    "self": 5.405721699993592
                },
                "TrainerController.advance": {
                    "total": 2149.808230996612,
                    "count": 156032,
                    "self": 2.696268296451308,
                    "children": {
                        "env_step": {
                            "total": 2040.4597197979456,
                            "count": 156032,
                            "self": 1551.8361044987978,
                            "children": {
                                "SubprocessEnvManager._take_step": {
                                    "total": 486.0823308994586,
                                    "count": 156036,
                                    "self": 7.690830702718813,
                                    "children": {
                                        "TorchPolicy.evaluate": {
                                            "total": 478.3915001967398,
                                            "count": 156036,
                                            "self": 478.3915001967398
                                        }
                                    }
                                },
                                "workers": {
                                    "total": 2.541284399689175,
                                    "count": 156031,
                                    "self": 0.0,
                                    "children": {
                                        "worker_root": {
                                            "total": 2015.1546396995545,
                                            "count": 156031,
                                            "is_parallel": true,
                                            "self": 740.0200356993009,
                                            "children": {
                                                "steps_from_proto": {
                                                    "total": 0.05787260000943206,
                                                    "count": 5,
                                                    "is_parallel": true,
                                                    "self": 0.0010256000387016684,